{
    "i2t_R1": 0.0,
    "i2t_R5": 0.00012585344366485227,
    "i2t_R10": 0.00025170688732970454,
    "t2i_R1": 3.146336091621307e-05,
    "t2i_R5": 0.00018878016549727842,
    "t2i_R10": 0.00037756033099455683
}