{
    "i2t_R1": 0.25265078815719094,
    "i2t_R5": 0.4662240820564453,
    "i2t_R10": 0.5616209923544033,
    "t2i_R1": 0.26098857879998744,
    "t2i_R5": 0.4808230815215681,
    "t2i_R10": 0.5826070540855174
}