{
    "i2t_R1": 0.20668281785860365,
    "i2t_R5": 0.4116666142277318,
    "i2t_R10": 0.5109964446402164,
    "t2i_R1": 0.20070477928452318,
    "t2i_R5": 0.4046502847434163,
    "t2i_R10": 0.5096120567599031
}