{
    "pretrained": {
        "i2t_R1": 0.0,
        "i2t_R5": 0.00012585344366485227,
        "i2t_R10": 0.00025170688732970454,
        "t2i_R1": 3.146336091621307e-05,
        "t2i_R5": 0.00018878016549727842,
        "t2i_R10": 0.00037756033099455683
    },
    "finetuned": {
        "i2t_R1": 0.20668281785860365,
        "i2t_R5": 0.4116666142277318,
        "i2t_R10": 0.5109964446402164,
        "t2i_R1": 0.20070477928452318,
        "t2i_R5": 0.4046502847434163,
        "t2i_R10": 0.5096120567599031
    },
    "improved": {
        "i2t_R1": 0.25265078815719094,
        "i2t_R5": 0.4662240820564453,
        "i2t_R10": 0.5616209923544033,
        "t2i_R1": 0.26098857879998744,
        "t2i_R5": 0.4808230815215681,
        "t2i_R10": 0.5826070540855174
    }
}